date;sample;treatment;complex;density;sev_spo;sev_chlo;sev_nec
4;3;2;0;17.677643;0.05372617;0.08492201;0
4;4a;2;0;17.555556;0.077777778;0.102222222;0
4;4b;2;0;12.185687;0.00967118;0.056092843;0
4;5a;2;0;32.008368;0.182008368;0.089958159;0
4;5b;2;0;19.542254;0.070422535;0.045774648;0
4;6a;2;0;39.956803;0.184549356;0.113733906;0.006437768
4;6b;2;0;21.428571;0.088768116;0.047101449;0.010869565
4;7;2;0;9.278351;0.043298969;0.043298969;0
4;8;2;0;20.08547;0.123931624;0.085470085;0
4;9a;2;0;97.987928;0.4055666;0.37972167;0.011928429
4;9b;2;0;28.621908;0.121908127;0.097173145;0
4;10;2;0;13.303769;0.079822616;0.046563193;0
4;11;2;0;101.388889;0.414351852;0.189814815;0
4;12a;2;0;15.754923;0.085339168;0.04595186;0
4;12b;2;0;7.815631;0.018036072;0.066132265;0
4;13a;2;0;15.109344;0.071570577;0.07554672;0
4;13b;2;0;11.154599;0.048923679;0.054794521;0
4;14;2;0;32.5;0.140384615;0.136538462;0
4;15a;2;0;55;0.233954451;0.173913043;0.00621118
4;15b;2;0;39.788732;0.11971831;0.154929577;0
4;19a;1;0;7.407407;0.027290448;0.035087719;0
4;19b;1;0;3.909465;;;
4;20a;1;0;2.826087;;;
4;20b;1;0;5.598456;;;
4;21;1;0;14.62963;0.061111111;0.02037037;0
4;22a;1;0;20.366599;0.097759674;0.126272912;0
4;22b;1;0;23.69338;0.099303136;0.163763066;0
4;23a;1;0;10.816327;0.048979592;0.016326531;0
4;23b;1;0;10.204082;0.033395176;0.031539889;0
4;24a;1;0;16.181818;0.063636364;0.032727273;0
4;24b;1;0;4.752066;0.008264463;0.039256198;0
4;25;1;0;11.401869;0.035514019;0.031775701;0
4;26;1;0;6.355932;0.031779661;0.036016949;0
4;27a;1;0;59.465021;0.211934156;0.139917695;0
4;27b;1;0;27.115717;0.082901554;0.146804836;0
4;28;1;0;8.536585;0.044715447;0.030487805;0
4;29;1;0;51.633987;0.250544662;0.002178649;0
4;30;1;0;27.158273;0.098920863;0.106115108;0
4;31;1;0;22.290389;;;
4;32a;1;0;34.682081;0.183044316;0.052023121;0
4;32b;1;0;25.524476;0.092657343;0.13986014;0
4;33a;1;0;7.358491;0.033962264;0.028301887;0
4;33b;1;0;7.899461;0.034111311;0.035906643;0
4;34a;1;0;15.217391;0.076086957;0.069875776;0
4;34b;1;0;11.413043;0.047101449;0.054347826;0
4;35a;1;0;27.978339;0.129963899;0.099277978;0
4;35b;1;0;26.375712;0.119544592;0.10056926;0
4;35c;1;0;28.971963;0.112149533;0.102803738;0
4;36;1;1;7.654321;0.028625954;0.038167939;0.227099237
4;37;1;1;0;;;0.584450402
4;38;1;1;8.656036;0.031890661;0.01594533;0
4;39;1;1;6.05428;0.03950104;0.031185031;0.004158004
4;40;1;1;18.62069;0.039893617;;0.228723404
4;41a;1;1;14.285714;0.07032967;0.026373626;0
4;41b;1;1;18.711019;0.0997921;0.143451143;0
4;42a;1;1;2.97619;0.007211538;;0.596153846
4;43;1;1;15.667311;0.067698259;0.034816248;0
4;45;1;1;15;0.043269231;0.004807692;0.375
4;46;1;1;7.486631;0.015486726;0.017699115;0.586283186
4;47;1;1;0;0;;0.613924051
4;48a;1;1;71.153846;0.056511057;0.036855037;0.616707617
4;48b;1;1;7.317073;0.017156863;0.004901961;0.397058824
4;49;1;1;22.067039;0.06626506;0.012048193;0.281124498
4;50a;1;1;71.73913;0.048951049;;0.785547786
4;50b;1;1;24.481328;0.043731778;0.064139942;0.297376093
4;51a;1;1;38.857143;0.122004357;0.124183007;0.237472767
4;51b;1;1;19.574468;0.049450549;0.063186813;0.354395604
4;52a;1;1;23.866348;0.080645161;0.050403226;0.155241935
4;52b;1;1;30.917874;0.04516129;0.025806452;0.55483871
4;53a;1;1;36.865342;0.169977925;0.116997792;0
4;53b;1;1;10.638298;0.004761905;;0.776190476
4;54a;1;1;13.084112;0.049250535;0.025695931;0.312633833
4;54b;1;1;11.612903;0.018867925;0.007075472;0.634433962
4;57a;0;1;7.529412;;;
4;57b;0;1;15.970516;;;
4;58a;0;0;31.397849;;;
4;58b;0;0;23.201856;;;
4;59a;0;0;20.614035;;;
4;59b;0;0;16.901408;;;
4;60a;0;0;4.710921;;;
4;60b;0;0;0;;;
4;61;0;0;28.541667;0.108333333;0.11875;0
4;62;0;0;3.769401;0.015521064;0.031042129;0
4;63;0;0;18.27957;0.090322581;0.144086022;0
4;64;0;0;12.138728;0.055876686;0.065510597;0
4;65a;0;0;9.288538;0.037549407;0.088932806;0
4;65b;0;0;7.4;0.012;0.076;0
4;66;0;0;12.875536;0.038626609;0.158798283;0
4;67;0;0;5.422993;0.023861171;0.069414317;0
4;68;0;0;13.625866;0.062355658;0.07852194;0
4;69;0;0;33.472803;0.154811715;0.154811715;0
4;70;0;0;14.159292;0.055309735;0.064159292;0
4;71a;0;0;22.244489;0.134268537;0.186372745;0
4;71b;0;0;18.632075;0.075471698;0.091981132;0
4;72;0;0;31.969309;0.16112532;0.219948849;0
4;73;0;0;16.403162;0.071146245;0.075098814;0
4;74;0;0;7.505519;0.028697572;0.092715232;0
9;3;2;0;17.677643;0.06932409;0.010398614;0
9;4a;2;0;17.555556;0.133333333;0.008888889;0.002222222
9;4b;2;0;12.185687;0.050290135;0.050290135;0
9;5a;2;0;32.008368;0.213389121;0.025104603;0
9;5b;2;0;19.542254;0.10915493;0.051056338;0
9;6a;2;0;39.956803;0.246781116;;0.004291845
9;6b;2;0;21.428571;0.112318841;;0.010869565
9;7;2;0;9.278351;0.06185567;0.012371134;0
9;8;2;0;20.08547;0.143162393;0.021367521;0
9;9a;2;0;97.987928;0.302186879;0.44333996;0.015904573
9;9b;2;0;28.621908;0.164310954;0.180212014;0.003533569
9;10;2;0;13.303769;0.115299335;0.006651885;0
9;11;2;0;101.388889;0.4375;0.502314815;0
9;12a;2;0;15.754923;0.085339168;;0
9;12b;2;0;7.815631;0.034068136;0.044088176;0.002004008
9;13a;2;0;15.109344;0.109343936;0.02584493;0
9;13b;2;0;11.154599;0.056751468;0.029354207;0
9;14;2;0;32.5;0.178846154;0.063461538;0
9;15a;2;0;55;0.227743271;0.33126294;0.00621118
9;15b;2;0;39.788732;0.165492958;0.181338028;0
9;19a;1;0;7.407407;0.058479532;0.009746589;0
9;19b;1;0;3.909465;0.016460905;0.016460905;0
9;20a;1;0;2.826087;0.019565217;0.019565217;0
9;20b;1;0;5.598456;0.027027027;0.005791506;0
9;21;1;0;14.62963;0.094444444;0.024074074;0
9;22a;1;0;20.366599;0.144602851;0.057026477;0
9;22b;1;0;23.69338;0.120209059;0.167247387;0
9;23a;1;0;10.816327;0.081632653;0.06122449;0
9;23b;1;0;10.204082;0.063079777;0.064935065;0
9;24a;1;0;16.181818;0.092727273;0.043636364;0
9;24b;1;0;4.752066;0.016528926;0.024793388;0
9;25;1;0;11.401869;0.057943925;0.089719626;0
9;26;1;0;6.355932;0.044491525;0.038135593;0
9;27a;1;0;59.465021;0.329218107;0.347736626;0
9;27b;1;0;27.115717;0.138169257;0.143350604;0
9;28;1;0;8.536585;0.069105691;0.040650407;0.00203252
9;29;1;0;51.633987;0.263616558;0.169934641;0
9;30;1;0;27.158273;0.147482014;0.136690647;0
9;31;1;0;22.290389;0.124744376;0.016359918;0
9;32a;1;0;34.682081;0.198458574;0.204238921;0
9;32b;1;0;25.524476;0.132867133;0.211538462;0
9;33a;1;0;7.358491;0.052830189;0.067924528;0.001886792
9;33b;1;0;7.899461;0.064631957;0.082585278;0
9;34a;1;0;15.217391;0.079192547;0.090062112;0
9;34b;1;0;11.413043;0.061594203;0.094202899;0
9;35a;1;0;27.978339;0.178700361;0.171480144;0
9;35b;1;0;26.375712;0.163187856;0.231499051;0
9;35c;1;0;28.971963;0.144859813;0.130841121;0
9;36;1;1;7.654321;0.034351145;0.045801527;0.238549618
9;37;1;1;0;0.002680965;0;0.584450402
9;38;1;1;8.656036;0.034168565;0.075170843;0
9;39;1;1;6.05428;0.051975052;0.031185031;0.01039501
9;40;1;1;18.62069;0.087765957;0.039893617;0.223404255
9;41a;1;1;14.285714;0.098901099;0.079120879;0
9;41b;1;1;18.711019;0.153846154;0.182952183;0
9;42a;1;1;2.97619;0.004807692;;0.617788462
9;43;1;1;15.667311;0.073500967;0.102514507;0
9;45;1;1;15;0.040865385;0.03125;0.317307692
9;46;1;1;7.486631;0.008849558;0.024336283;0.526548673
9;47;1;1;0;0;0.009493671;0.550632911
9;48a;1;1;71.153846;0.076167076;0.051597052;0.565110565
9;48b;1;1;7.317073;0.024509804;0.031862745;0.117647059
9;49;1;1;22.067039;0.082329317;;0.269076305
9;50a;1;1;71.73913;0.034965035;;0.696969697
9;50b;1;1;24.481328;0.04664723;0.043731778;0.495626822
9;51a;1;1;38.857143;0.154684096;0.061002179;0.244008715
9;51b;1;1;19.574468;0.065934066;0.090659341;0.131868132
9;52a;1;1;23.866348;0.118951613;0.0625;0.205645161
9;52b;1;1;30.917874;0.04516129;0.006451613;0.421505376
9;53a;1;1;36.865342;0.260485651;0.311258278;0
9;53b;1;1;10.638298;0.00952381;;0.864285714
9;54a;1;1;13.084112;0;;0.811563169
9;54b;1;1;11.612903;0.018867925;0.016509434;0.601415094
9;57a;0;1;7.529412;0.04;0.075294118;0
9;57b;0;1;15.970516;0.083538084;0.054054054;0
9;58a;0;0;31.397849;0.148387097;0.2;0
9;58b;0;0;23.201856;0.085846868;0.122969838;0
9;59a;0;0;20.614035;0.149122807;0.048245614;0
9;59b;0;0;16.901408;0.096244131;0.077464789;0
9;60a;0;0;4.710921;0.032119914;0.012847966;0
9;60b;0;0;0;0;0;0
9;61;0;0;28.541667;0.1875;0.1125;0
9;62;0;0;3.769401;0.019955654;0.00443459;0
9;63;0;0;18.27957;0.172043011;0.019354839;0
9;64;0;0;12.138728;0.082851638;0.021194605;0
9;65a;0;0;9.288538;0.045454545;0.045454545;0.001976285
9;65b;0;0;7.4;0.056;0.02;0
9;66;0;0;12.875536;0.103004292;0.012875536;0
9;67;0;0;5.422993;;;
9;68;0;0;13.625866;0.099307159;0.046189376;0
9;69;0;0;33.472803;0.073221757;0.121338912;0
9;70;0;0;14.159292;0.090707965;0.028761062;0
9;71a;0;0;22.244489;0.180360721;0.136272545;0
9;71b;0;0;18.632075;0.129716981;0.091981132;0
9;72;0;0;31.969309;0.291560102;0.112531969;0
9;73;0;0;16.403162;0.124505929;0.071146245;0.015810277
9;74;0;0;7.505519;0.050772627;0.041942605;0
11;3;2;0;17.677643;0.083188908;0.057192374;0
11;4a;2;0;17.555556;0.133333333;0.071111111;0
11;4b;2;0;12.185687;0.056092843;0.075435203;0
11;5a;2;0;32.008368;0.192468619;0.154811715;0
11;5b;2;0;19.542254;0.100352113;0.112676056;0
11;6a;2;0;39.956803;0.240343348;0.107296137;0.002145923
11;6b;2;0;21.428571;0.114130435;0.110507246;0.009057971
11;7;2;0;9.278351;0.065979381;0.096907216;0
11;8;2;0;20.08547;0.14957265;0.121794872;0
11;9a;2;0;97.987928;0.367793241;0.512922465;0.009940358
11;9b;2;0;28.621908;0.190812721;0.190812721;0
11;10;2;0;13.303769;0.115299335;0.090909091;0
11;11;2;0;101.388889;0.44212963;0.451388889;0
11;12a;2;0;15.754923;0.098468271;0.059080963;0.002188184
11;12b;2;0;7.815631;0.046092184;0.052104208;0.006012024
11;13a;2;0;15.109344;0.131212724;0.03777336;0
11;13b;2;0;11.154599;0.068493151;0.1037182;0
11;14;2;0;32.5;0.209615385;0.205769231;0
11;15a;2;0;55;0.271221532;0.418219462;0
11;15b;2;0;39.788732;0.188380282;0.209507042;0
11;19a;1;0;7.407407;0.054580897;0.033138402;0
11;19b;1;0;3.909465;0.028806584;0.024691358;0
11;20a;1;0;2.826087;0.023913043;0.02826087;0
11;20b;1;0;5.598456;0.05019305;0.027027027;0
11;21;1;0;14.62963;0.138888889;;0
11;22a;1;0;20.366599;0.17107943;0.046843177;0
11;22b;1;0;23.69338;0.18466899;0.212543554;0
11;23a;1;0;10.816327;0.108163265;0.03877551;0
11;23b;1;0;10.204082;0.102040816;0.06864564;0
11;24a;1;0;16.181818;0.116363636;0.089090909;0
11;24b;1;0;4.752066;0.024793388;0.035123967;0
11;25;1;0;11.401869;0.089719626;0.078504673;0
11;26;1;0;6.355932;0.050847458;0.065677966;0
11;27a;1;0;59.465021;0.304526749;0.185185185;0
11;27b;1;0;27.115717;0.195164076;0.086355786;0
11;28;1;0;8.536585;0.052845528;0.073170732;0
11;29;1;0;51.633987;0.246187364;0.150326797;0
11;30;1;0;27.158273;0.196043165;0.066546763;0
11;31;1;0;22.290389;0.161554192;;0
11;32a;1;0;34.682081;0.175337187;0.082851638;0
11;32b;1;0;25.524476;0.143356643;0.234265734;0
11;33a;1;0;7.358491;0.066037736;0.024528302;0
11;33b;1;0;7.899461;0.087971275;0.046678636;0
11;34a;1;0;15.217391;0.108695652;0.090062112;0
11;34b;1;0;11.413043;0.119565217;0.148550725;0
11;35a;1;0;27.978339;0.207581227;0.101083032;0
11;35b;1;0;26.375712;0.20683112;0.142314991;0
11;35c;1;0;28.971963;0.189252336;0.140186916;0
11;36;1;1;7.654321;0.047709924;0.036259542;0.229007634
11;37;1;1;0;0;0;0.54155496
11;38;1;1;8.656036;0.0523918;0.082004556;0
11;39;1;1;6.05428;0.066528067;0.020790021;0.020790021
11;40;1;1;18.62069;0.098404255;;0.247340426
11;41a;1;1;14.285714;0.114285714;0.136263736;0
11;41b;1;1;18.711019;0.168399168;0.176715177;0
11;42a;1;1;2.97619;0.004807692;;0.581730769
11;43;1;1;15.667311;0.075435203;0.073500967;0
11;45;1;1;15;0.064903846;0.028846154;0.34375
11;46;1;1;7.486631;0.013274336;0.008849558;0.548672566
11;47;1;1;0;0;0;0.708860759
11;48a;1;1;71.153846;0.105651106;0.046683047;0.44963145
11;48b;1;1;7.317073;0.026960784;0.034313725;0.362745098
11;49;1;1;22.067039;0.098393574;;0.307228916
11;50a;1;1;71.73913;0.037296037;;0.713286713
11;50b;1;1;24.481328;0.043731778;0.020408163;0.489795918
11;51a;1;1;38.857143;0.167755991;0.037037037;0.270152505
11;51b;1;1;19.574468;0.07967033;0.038461538;0.332417582
11;52a;1;1;23.866348;0.120967742;0.106854839;0.183467742
11;52b;1;1;30.917874;0.034408602;0.021505376;0.625806452
11;53a;1;1;36.865342;0.258278146;0.278145695;0
11;53b;1;1;10.638298;0.00952381;0.014285714;0.838095238
11;54a;1;1;13.084112;0.002141328;;0.685224839
11;54b;1;1;11.612903;0.025943396;0.011792453;0.58254717
11;57a;0;1;7.529412;0.051764706;0.032941176;0
11;57b;0;1;15.970516;0.058968059;0.083538084;0.012285012
11;58a;0;0;31.397849;0.210752688;0.124731183;0
11;58b;0;0;23.201856;0.143851508;0.122969838;0
11;59a;0;0;20.614035;0.182017544;0.120614035;0
11;59b;0;0;16.901408;0.122065728;0.100938967;0
11;60a;0;0;4.710921;0.042826552;0.021413276;0
11;60b;0;0;0;0;0;0
11;61;0;0;28.541667;0.208333333;0.170833333;0
11;62;0;0;3.769401;0.035476718;0.011086475;0
11;63;0;0;18.27957;0.174193548;0.107526882;0
11;64;0;0;12.138728;0.119460501;0.094412331;0
11;65a;0;0;9.288538;0.055335968;0.092885375;0
11;65b;0;0;7.4;0.036;0.088;0
11;66;0;0;12.875536;0.105150215;0.098712446;0
11;67;0;0;5.422993;0.04989154;0.028199566;0
11;68;0;0;13.625866;0.133949192;0.094688222;0
11;69;0;0;33.472803;0.19874477;0.269874477;0
11;70;0;0;14.159292;0.10840708;0.132743363;0
11;71a;0;0;22.244489;0.208416834;0.164328657;0
11;71b;0;0;18.632075;0.139150943;0.146226415;0
11;72;0;0;31.969309;0.301790281;0.122762148;0
11;73;0;0;16.403162;0.18972332;0.079051383;0
11;74;0;0;7.505519;0.061810155;0.024282561;0
16;3;2;0;17.677643;0.086655113;0.112651646;0
16;4a;2;0;17.555556;0.171111111;0.146666667;0
16;4b;2;0;12.185687;0.081237911;0.044487427;0.013539652
16;5a;2;0;32.008368;0.255230126;0.052301255;0.006276151
16;5b;2;0;19.542254;0.198943662;0.13556338;0.008802817
16;6a;2;0;39.956803;0.165236052;0.396995708;0.034334764
16;6b;2;0;21.428571;0.137681159;0.148550725;0
16;7;2;0;9.278351;0.105154639;0.04742268;0.004123711
16;8;2;0;20.08547;0.228632479;0.017094017;0.019230769
16;9a;2;0;97.987928;0.129224652;0.566600398;0.117296223
16;9b;2;0;28.621908;0.185512367;0.203180212;0
16;10;2;0;13.303769;0.166297118;0.093126386;0.00886918
16;11;2;0;101.388889;0.365740741;0.574074074;0
16;12a;2;0;15.754923;0.111597374;0.332603939;0.002188184
16;12b;2;0;7.815631;0.052104208;0.148296593;0.004008016
16;13a;2;0;15.109344;0.216699801;0.121272366;0
16;13b;2;0;11.154599;0.099804305;0.119373777;0
16;14;2;0;32.5;0.240384615;0.384615385;0.007692308
16;15a;2;0;55;0.306418219;0.51552795;0
16;15b;2;0;39.788732;0.200704225;0.318661972;0.001760563
16;19a;1;0;7.407407;0.097465887;0.089668616;0.001949318
16;19b;1;0;3.909465;0.04526749;0.072016461;0
16;20a;1;0;2.826087;0.032608696;0.030434783;0
16;20b;1;0;5.598456;0.065637066;0.065637066;0
16;21;1;0;14.62963;0.148148148;0.111111111;0
16;22a;1;0;20.366599;0.244399185;0.258655804;0
16;22b;1;0;23.69338;0.240418118;0.306620209;0.00174216
16;23a;1;0;10.816327;0.140816327;0.075510204;0
16;23b;1;0;10.204082;0.124304267;0.165120594;0
16;24a;1;0;16.181818;0.2;0.14;0
16;24b;1;0;4.752066;0.045454545;0.070247934;0
16;25;1;0;11.401869;0.125233645;0.168224299;0
16;26;1;0;6.355932;0.082627119;0.103813559;0
16;27a;1;0;59.465021;0.355967078;0.491769547;0.018518519
16;27b;1;0;27.115717;0.208981002;0.293609672;0
16;28;1;0;8.536585;0.115853659;0.117886179;0.00203252
16;29;1;0;51.633987;0.272331155;0.396514161;0.002178649
16;30;1;0;27.158273;0.257194245;0.230215827;0
16;31;1;0;22.290389;0.253578732;0.214723926;0
16;32a;1;0;34.682081;0.260115607;0.292870906;0
16;32b;1;0;25.524476;0.202797203;0.34965035;0.001748252
16;33a;1;0;7.358491;0.11509434;0.118867925;0.001886792
16;33b;1;0;7.899461;0.12567325;0.136445242;0
16;34a;1;0;15.217391;0.149068323;0.222049689;0
16;34b;1;0;11.413043;0.115942029;0.184782609;0
16;35a;1;0;27.978339;0.24368231;0.247292419;0
16;35b;1;0;26.375712;0.24288425;0.261859583;0
16;35c;1;0;28.971963;0.245327103;0.313084112;0
16;36;1;1;7.654321;0.070610687;0.028625954;0.301526718
16;37;1;1;0;0.00536193;;0.603217158
16;38;1;1;8.656036;0.111617312;0.116173121;0
16;39;1;1;6.05428;0.118503119;0.06029106;0.083160083
16;40;1;1;18.62069;0.130319149;0.119680851;0.252659574
16;41a;1;1;14.285714;0.184615385;0.167032967;0.002197802
16;41b;1;1;18.711019;0.272349272;0.226611227;0
16;42a;1;1;2.97619;0.016826923;;0.612980769
16;43;1;1;15.667311;0.164410058;0.205029014;0
16;45;1;1;15;0.074519231;0.052884615;0.358173077
16;46;1;1;7.486631;0.037610619;;0.586283186
16;47;1;1;0;0.003164557;;0.768987342
16;48a;1;1;71.153846;0.117936118;0.041769042;0.663390663
16;48b;1;1;7.317073;0.017156863;;0.492647059
16;49;1;1;22.067039;0.118473896;0.020080321;0.36746988
16;50a;1;1;71.73913;0.020979021;;0.818181818
16;50b;1;1;24.481328;;;
16;51a;1;1;38.857143;0.17211329;0.413943355;0
16;51b;1;1;19.574468;0.181318681;0.21978022;0.412087912
16;52a;1;1;23.866348;0.185483871;0.151209677;0.227822581
16;52b;1;1;30.917874;;;
16;53a;1;1;36.865342;0.322295806;0.233995585;0
16;53b;1;1;10.638298;0.00952381;;0.9
16;54a;1;1;13.084112;0;0.004282655;0.728051392
16;54b;1;1;11.612903;0.028301887;0.070754717;0.643867925
16;57a;0;1;7.529412;0.101176471;0.047058824;0
16;57b;0;1;15.970516;0.171990172;0.088452088;0
16;58a;0;0;31.397849;0.28172043;0.27311828;0
16;58b;0;0;23.201856;0.187935035;0.167053364;0
16;59a;0;0;20.614035;0.212719298;0.208333333;0
16;59b;0;0;16.901408;0.178403756;0.204225352;0
16;60a;0;0;4.710921;0.077087794;0.029978587;0.017130621
16;60b;0;0;0;0.002057613;;0
16;61;0;0;28.541667;0.260416667;0.29375;0
16;62;0;0;3.769401;0.048780488;0.048780488;0
16;63;0;0;18.27957;0.208602151;0.152688172;0
16;64;0;0;12.138728;0.154142582;0.132947977;0
16;65a;0;0;9.288538;0.088932806;0.138339921;0.005928854
16;65b;0;0;7.4;0.084;0.138;0
16;66;0;0;12.875536;0.160944206;0.111587983;0
16;67;0;0;5.422993;0.073752711;0.084598698;0
16;68;0;0;13.625866;0.140877598;0.170900693;0
16;69;0;0;33.472803;0.280334728;0.345188285;0
16;70;0;0;14.159292;0.168141593;0.134955752;0
16;71a;0;0;22.244489;0.270541082;0.22244489;0
16;71b;0;0;18.632075;0.212264151;0.188679245;0
16;72;0;0;31.969309;0.322250639;0.202046036;0
16;73;0;0;16.403162;0.225296443;0.055335968;0.039525692
16;74;0;0;7.505519;0.099337748;0.079470199;0
21;3;2;0;17.677643;0.109185442;0.055459272;0.012131716
21;4a;2;0;17.555556;0.317777778;0.026666667;0.017777778
21;4b;2;0;12.185687;0.094777563;0.172147002;0
21;5a;2;0;32.008368;0.311715481;0.29707113;0
21;5b;2;0;19.542254;0.25528169;0.11971831;0.01584507
21;6a;2;0;39.956803;0.296137339;0.317596567;0.0472103
21;6b;2;0;21.428571;0.206521739;0.157608696;0.010869565
21;7;2;0;9.278351;0.148453608;0.187628866;0
21;8;2;0;20.08547;0.354700855;0.121794872;0.006410256
21;9a;2;0;97.987928;0.312127237;0.282306163;0.276341948
21;9b;2;0;28.621908;0.252650177;0.128975265;0.035335689
21;10;2;0;13.303769;0.243902439;0.101995565;0.006651885
21;11;2;0;101.388889;0.331018519;0.465277778;0.185185185
21;12a;2;0;15.754923;0.18380744;0.249452954;0
21;12b;2;0;7.815631;0.048096192;0.118236473;0
21;13a;2;0;15.109344;0.224652087;0.159045726;0.005964215
21;13b;2;0;11.154599;0.156555773;0.111545988;0
21;14;2;0;32.5;0.248076923;0.267307692;0.032692308
21;15a;2;0;55;0.370600414;0.401656315;0.039337474
21;15b;2;0;39.788732;0.181338028;0.191901408;0.084507042
21;19a;1;0;7.407407;0.130604288;0.074074074;0
21;19b;1;0;3.909465;0.059670782;0.0781893;0.024691358
21;20a;1;0;2.826087;0.060869565;0.010869565;0
21;20b;1;0;5.598456;0.092664093;0.044401544;0
21;21;1;0;14.62963;0.216666667;0.074074074;0.001851852
21;22a;1;0;20.366599;0.313645621;0.130346232;0
21;22b;1;0;23.69338;0.318815331;0.216027875;0
21;23a;1;0;10.816327;0.191836735;0.053061224;0
21;23b;1;0;10.204082;0.196660482;0.135435993;0
21;24a;1;0;16.181818;0.256363636;0.072727273;0
21;24b;1;0;4.752066;0.061983471;0.08677686;0
21;25;1;0;11.401869;0.158878505;0.203738318;0
21;26;1;0;6.355932;0.131355932;0.103813559;0
21;27a;1;0;59.465021;0.290123457;0.360082305;0.102880658
21;27b;1;0;27.115717;0.281519862;0.267702936;0.001727116
21;28;1;0;8.536585;0.156504065;0.105691057;0
21;29;1;0;51.633987;0.348583878;0.139433551;0.006535948
21;30;1;0;27.158273;0.298561151;0.223021583;0
21;31;1;0;22.290389;0.298568507;0.18200409;0
21;32a;1;0;34.682081;0.262042389;0.283236994;0.04238921
21;32b;1;0;25.524476;0.188811189;0.258741259;0.005244755
21;33a;1;0;7.358491;0.145283019;0.039622642;0
21;33b;1;0;7.899461;0.192100539;0.113105925;0
21;34a;1;0;15.217391;0.214285714;0.116459627;0.013975155
21;34b;1;0;11.413043;0.126811594;0.190217391;0
21;35a;1;0;27.978339;0.323104693;0.162454874;0.012635379
21;35b;1;0;26.375712;0.261859583;0.267552182;0.007590133
21;35c;1;0;28.971963;0.198598131;0.294392523;0.044392523
21;36;1;1;7.654321;0.066793893;0.062977099;0.255725191
21;37;1;1;0;0.00536193;0.00536193;0.55227882
21;38;1;1;8.656036;0.132118451;0.109339408;0
21;39;1;1;6.05428;0.114345114;0.072765073;0.087318087
21;40;1;1;18.62069;0.106382979;;0.388297872
21;41a;1;1;14.285714;0.206593407;0.241758242;0.006593407
21;41b;1;1;18.711019;0.189189189;0.070686071;0.072765073
21;42a;1;1;2.97619;;;
21;43;1;1;15.667311;0.179883946;0.160541586;0
21;45;1;1;15;0.086538462;0.028846154;0.382211538
21;46;1;1;7.486631;0.017699115;0.015486726;0.60840708
21;47;1;1;0;0.006329114;0.018987342;0.721518987
21;48a;1;1;71.153846;0.063882064;0.090909091;0.665847666
21;48b;1;1;7.317073;0.009803922;0.004901961;0.568627451
21;49;1;1;22.067039;0.090361446;0.06626506;0.325301205
21;50a;1;1;71.73913;0.027972028;;0.678321678
21;50b;1;1;24.481328;0.005830904;0;0.924198251
21;51a;1;1;38.857143;0.11546841;0.015250545;0.291938998
21;51b;1;1;19.574468;0.082417582;0.098901099;0.208791209
21;52a;1;1;23.866348;0.185483871;0.10483871;0.185483871
21;52b;1;1;30.917874;0.040860215;;0.490322581
21;53a;1;1;36.865342;0.249448124;0.324503311;0.04415011
21;53b;1;1;10.638298;0.004761905;;0.888095238
21;54a;1;1;13.084112;0.004282655;;0.704496788
21;54b;1;1;11.612903;0.033018868;0.011792453;0.655660377
21;57a;0;1;7.529412;0.091764706;0.096470588;0
21;57b;0;1;15.970516;0.174447174;0.14004914;0.007371007
21;58a;0;0;31.397849;0.253763441;0.296774194;0
21;58b;0;0;23.201856;0.218097448;0.20649652;0.023201856
21;59a;0;0;20.614035;0.228070175;0.168859649;0.01754386
21;59b;0;0;16.901408;0.192488263;0.178403756;0.009389671
21;60a;0;0;4.710921;0.074946467;0.057815846;0.019271949
21;60b;0;0;0;0.002057613;;0
21;61;0;0;28.541667;0.175;0.408333333;0.033333333
21;62;0;0;3.769401;0.059866962;0.066518847;0.00443459
21;63;0;0;18.27957;0.210752688;0.212903226;0.012903226
21;64;0;0;12.138728;0.200385356;0.140655106;0
21;65a;0;0;9.288538;0.108695652;0.221343874;0.0256917
21;65b;0;0;7.4;0.094;0.148;0.008
21;66;0;0;12.875536;0.201716738;0.186695279;0.006437768
21;67;0;0;5.422993;0.095444685;0.119305857;0
21;68;0;0;13.625866;0.150115473;0.184757506;0
21;69;0;0;33.472803;0.194560669;0.309623431;0.027196653
21;70;0;0;14.159292;0.199115044;0.170353982;0
21;71a;0;0;22.244489;0.220440882;0.376753507;0.012024048
21;71b;0;0;18.632075;0.202830189;0.200471698;0.004716981
21;72;0;0;31.969309;0.401534527;0.296675192;0
21;73;0;0;16.403162;0.211462451;0.134387352;0.023715415
21;74;0;0;7.505519;0.139072848;0.12803532;0
28;3;2;0;17.677643;;;
28;4a;2;0;17.555556;0.335555556;0.32;0.053333333
28;4b;2;0;12.185687;;;
28;5a;2;0;32.008368;0.20083682;0.092050209;0.357740586
28;5b;2;0;19.542254;0.110915493;0.133802817;0.276408451
28;6a;2;0;39.956803;0.064377682;0.139484979;0.388412017
28;6b;2;0;21.428571;;;
28;7;2;0;9.278351;0.032989691;0.07628866;0.169072165
28;8;2;0;20.08547;0.076923077;0.083333333;0.397435897
28;9a;2;0;97.987928;0.151093439;0.127236581;0.58250497
28;9b;2;0;28.621908;;;
28;10;2;0;13.303769;0.062084257;0.086474501;0.237250554
28;11;2;0;101.388889;0.030092593;0.199074074;0.569444444
28;12a;2;0;15.754923;0.052516411;0.094091904;0.291028446
28;12b;2;0;7.815631;0.018036072;0.094188377;0.166332665
28;13a;2;0;15.109344;0.057654076;0.081510934;0.337972167
28;13b;2;0;11.154599;0.060665362;;0.250489237
28;14;2;0;32.5;;;
28;15a;2;0;55;0.099378882;0.250517598;0.50310559
28;15b;2;0;39.788732;;;
28;19a;1;0;7.407407;0.097465887;0.005847953;0.325536062
28;19b;1;0;3.909465;0.034979424;;0.417695473
28;20a;1;0;2.826087;0.039130435;0.097826087;0.043478261
28;20b;1;0;5.598456;0.106177606;0.121621622;0.001930502
28;21;1;0;14.62963;;;
28;22a;1;0;20.366599;0.146639511;0.382892057;0.038696538
28;22b;1;0;23.69338;;;
28;23a;1;0;10.816327;0.134693878;0.185714286;0.030612245
28;23b;1;0;10.204082;0.128014842;0.38961039;0.050092764
28;24a;1;0;16.181818;0.249090909;0.130909091;0.050909091
28;24b;1;0;4.752066;0.074380165;0.030991736;0.270661157
28;25;1;0;11.401869;;;
28;26;1;0;6.355932;0.080508475;0.171610169;0.036016949
28;27a;1;0;59.465021;0.21399177;0.242798354;0.290123457
28;27b;1;0;27.115717;0.200345423;0.07253886;0.347150259
28;28;1;0;8.536585;;;
28;29;1;0;51.633987;0.357298475;0.407407407;0.043572985
28;30;1;0;27.158273;;;
28;31;1;0;22.290389;0.243353783;0.288343558;0.104294479
28;32a;1;0;34.682081;;;
28;32b;1;0;25.524476;;;
28;33a;1;0;7.358491;0.09245283;0.19245283;0.039622642
28;33b;1;0;7.899461;;;
28;34a;1;0;15.217391;0.108695652;0.354037267;0.105590062
28;34b;1;0;11.413043;;;
28;35a;1;0;27.978339;0.155234657;0.158844765;0.370036101
28;35b;1;0;26.375712;;;
28;35c;1;0;28.971963;;;
28;36;1;1;7.654321;;;
28;37;1;1;0;0;0;0.520107239
28;38;1;1;8.656036;0.082004556;0.043280182;0.243735763
28;39;1;1;6.05428;0.062370062;0.070686071;0.216216216
28;40;1;1;18.62069;0.082446809;0.087765957;0.47606383
28;41a;1;1;14.285714;0.131868132;0.081318681;0.224175824
28;41b;1;1;18.711019;0.064449064;0.122661123;0.374220374
28;42a;1;1;2.97619;;;
28;43;1;1;15.667311;0.110251451;0.166344294;0.350096712
28;45;1;1;15;0.072115385;0.0625;0.461538462
28;46;1;1;7.486631;0.03539823;0.011061947;0.659292035
28;47;1;1;0;;;
28;48a;1;1;71.153846;0.049140049;0.051597052;0.766584767
28;48b;1;1;7.317073;0;0.019607843;0.742647059
28;49;1;1;22.067039;0.02811245;0.058232932;0.497991968
28;50a;1;1;71.73913;0.013986014;0.018648019;0.776223776
28;50b;1;1;24.481328;0;0;0.965014577
28;51a;1;1;38.857143;;;
28;51b;1;1;19.574468;;;
28;52a;1;1;23.866348;0.131048387;0.10483871;0.401209677
28;52b;1;1;30.917874;0;;0.819354839
28;53a;1;1;36.865342;0.072847682;0.004415011;0.567328918
28;53b;1;1;10.638298;0;0.007142857;0.888095238
28;54a;1;1;13.084112;;;
28;54b;1;1;11.612903;;;
28;57a;0;1;7.529412;0.110588235;0.108235294;0.025882353
28;57b;0;1;15.970516;0.167076167;0.240786241;0.024570025
28;58a;0;0;31.397849;0.223655914;0.240860215;0.296774194
28;58b;0;0;23.201856;0.252900232;0.259860789;0.125290023
28;59a;0;0;20.614035;0.188596491;0.243421053;0.105263158
28;59b;0;0;16.901408;0.190140845;0.237089202;0.061032864
28;60a;0;0;4.710921;;;
28;60b;0;0;0;;;
28;61;0;0;28.541667;;;
28;62;0;0;3.769401;0.070953437;0.11308204;0
28;63;0;0;18.27957;;;
28;64;0;0;12.138728;0.231213873;0.183044316;0.038535645
28;65a;0;0;9.288538;0.16798419;0.045454545;0.14229249
28;65b;0;0;7.4;0.144;0.052;0.052
28;66;0;0;12.875536;0.231759657;0.070815451;0.175965665
28;67;0;0;5.422993;0.119305857;0.036876356;0.056399132
28;68;0;0;13.625866;;;
28;69;0;0;33.472803;0.345188285;0.085774059;0.351464435
28;70;0;0;14.159292;0.221238938;0.022123894;0.10619469
28;71a;0;0;22.244489;0.204408818;0.294589178;0.032064128
28;71b;0;0;18.632075;;;
28;72;0;0;31.969309;0.447570332;0.115089514;0.265984655
28;73;0;0;16.403162;;;
28;74;0;0;7.505519;0.218543046;0.094922737;0
36;3;2;0;17.677643;0.025996534;0.058925477;0.235701906
36;4a;2;0;17.555556;0.075555556;0.108888889;0.437777778
36;4b;2;0;12.185687;0.025145068;0.17794971;0.234042553
36;5a;2;0;32.008368;0.073221757;0.217573222;0.453974895
36;5b;2;0;19.542254;0.031690141;0.086267606;0.360915493
36;6a;2;0;39.956803;0.051502146;0.143776824;0.583690987
36;6b;2;0;21.428571;;;
36;7;2;0;9.278351;;;
36;8;2;0;20.08547;0.049145299;0.145299145;0.431623932
36;9a;2;0;97.987928;0.029821074;0.053677932;0.660039761
36;9b;2;0;28.621908;;;
36;10;2;0;13.303769;0.084257206;0.099778271;0.305986696
36;11;2;0;101.388889;0.009259259;0.039351852;0.738425926
36;12a;2;0;15.754923;0.037199125;0.157549234;0.24726477
36;12b;2;0;7.815631;0.022044088;0.116232465;0.186372745
36;13a;2;0;15.109344;0.109343936;0.07554672;0.30417495
36;13b;2;0;11.154599;0.029354207;0.076320939;0.279843444
36;14;2;0;32.5;0.015384615;0.153846154;0.421153846
36;15a;2;0;55;0.022774327;0.060041408;0.726708075
36;15b;2;0;39.788732;;;
36;19a;1;0;7.407407;0.10331384;0.046783626;0.214424951
36;19b;1;0;3.909465;0.061728395;0.100823045;0.176954733
36;20a;1;0;2.826087;0.041304348;0.089130435;0.07173913
36;20b;1;0;5.598456;0.164092664;0.05984556;0.113899614
36;21;1;0;14.62963;;;
36;22a;1;0;20.366599;0.042769857;0.17107943;0.323828921
36;22b;1;0;23.69338;;;
36;23a;1;0;10.816327;0.040816327;0.275510204;0.348979592
36;23b;1;0;10.204082;0.141001855;0.124304267;0.374768089
36;24a;1;0;16.181818;0.101818182;0.047272727;0.441818182
36;24b;1;0;4.752066;0.037190083;0.07231405;0.154958678
36;25;1;0;11.401869;0.108411215;0.11588785;0.246728972
36;26;1;0;6.355932;0.065677966;0.031779661;0.146186441
36;27a;1;0;59.465021;0.063786008;0.193415638;0.471193416
36;27b;1;0;27.115717;0.044905009;0.07253886;0.452504318
36;28;1;0;8.536585;0.109756098;0.081300813;0.280487805
36;29;1;0;51.633987;0.102396514;0.148148148;0.525054466
36;30;1;0;27.158273;0.107913669;0.098920863;0.429856115
36;31;1;0;22.290389;0.145194274;0.118609407;0.396728016
36;32a;1;0;34.682081;;;
36;32b;1;0;25.524476;;;
36;33a;1;0;7.358491;0.090566038;0.050943396;0.333962264
36;33b;1;0;7.899461;0.0502693;0.055655296;0.299820467
36;34a;1;0;15.217391;0.074534161;0.153726708;0.378881988
36;34b;1;0;11.413043;;;
36;35a;1;0;27.978339;0.036101083;0.034296029;0.584837545
36;35b;1;0;26.375712;;;
36;35c;1;0;28.971963;;;
36;36;1;1;7.654321;0.013358779;0.076335878;0.389312977
36;37;1;1;0;0.002680965;0.107238606;0.557640751
36;38;1;1;8.656036;0.123006834;0.0523918;0.175398633
36;39;1;1;6.05428;0.035343035;0.037422037;0.461538462
36;40;1;1;18.62069;0.002659574;0.071808511;0.75
36;41a;1;1;14.285714;0.061538462;0.063736264;0.501098901
36;41b;1;1;18.711019;0.014553015;0.137214137;0.669438669
36;42a;1;1;2.97619;;;
36;43;1;1;15.667311;0.034816248;0.152804642;0.437137331
36;45;1;1;15;0.021634615;0.076923077;0.533653846
36;46;1;1;7.486631;0.004424779;0.028761062;0.745575221
36;47;1;1;0;;;
36;48a;1;1;71.153846;0.004914005;0.017199017;0.85995086
36;48b;1;1;7.317073;0.00245098;0.004901961;0.835784314
36;49;1;1;22.067039;0.026104418;0.044176707;0.644578313
36;50a;1;1;71.73913;0.006993007;0.076923077;0.722610723
36;50b;1;1;24.481328;0;0;0.985422741
36;51a;1;1;38.857143;0.043572985;0.058823529;0.612200436
36;51b;1;1;19.574468;;;
36;52a;1;1;23.866348;0.036290323;0.096774194;0.643145161
36;52b;1;1;30.917874;;;
36;53a;1;1;36.865342;0.068432671;0.258278146;0.593818985
36;53b;1;1;10.638298;0;0;0.780952381
36;54a;1;1;13.084112;0;0;0.708779443
36;54b;1;1;11.612903;;;
36;57a;0;1;7.529412;0.094117647;0.004705882;0.228235294
36;57b;0;1;15.970516;0.137592138;0.157248157;0.373464373
36;58a;0;0;31.397849;0.129032258;0.187096774;0.359139785
36;58b;0;0;23.201856;0.083526682;0.259860789;0.385150812
36;59a;0;0;20.614035;;;
36;59b;0;0;16.901408;;;
36;60a;0;0;4.710921;0.070663812;0.494646681;0.449678801
36;60b;0;0;0;0;0.864197531;0.065843621
36;61;0;0;28.541667;;;
36;62;0;0;3.769401;0.039911308;0.12195122;0.12195122
36;63;0;0;18.27957;0.24516129;0.043010753;0.288172043
36;64;0;0;12.138728;0.161849711;0.186897881;0.271676301
36;65a;0;0;9.288538;0.086956522;0.169960474;0.318181818
36;65b;0;0;7.4;0.06;0.198;0.226
36;66;0;0;12.875536;0.158798283;0.163090129;0.309012876
36;67;0;0;5.422993;0.052060738;0.318872017;0.1670282
36;68;0;0;13.625866;0.147806005;0.187066975;0.381062356
36;69;0;0;33.472803;0.119246862;0.219665272;0.426778243
36;70;0;0;14.159292;0.123893805;0.389380531;0.263274336
36;71a;0;0;22.244489;0.126252505;0.122244489;0.470941884
36;71b;0;0;18.632075;0.058962264;0.169811321;0.568396226
36;72;0;0;31.969309;0.081841432;0.204603581;0.636828645
36;73;0;0;16.403162;0.090909091;0.086956522;0.420948617
36;74;0;0;7.505519;0.134657837;0.072847682;0.490066225
43;3;2;0;17.677643;0.003466205;0.072790295;0.240901213
43;4a;2;0;17.555556;0.02;0.117777778;0.457777778
43;4b;2;0;12.185687;0.015473888;0.18762089;0.230174081
43;5a;2;0;32.008368;0.039748954;0.09623431;0.476987448
43;5b;2;0;19.542254;0.028169014;0.072183099;0.387323944
43;6a;2;0;39.956803;0.004291845;0.083690987;0.618025751
43;6b;2;0;21.428571;;;
43;7;2;0;9.278351;;;
43;8;2;0;20.08547;0.042735043;0.051282051;0.532051282
43;9a;2;0;97.987928;0;0.003976143;0.717693837
43;9b;2;0;28.621908;;;
43;10;2;0;13.303769;0.033259424;0.073170732;0.423503326
43;11;2;0;101.388889;;;
43;12a;2;0;15.754923;0.01750547;0.159737418;0.376367615
43;12b;2;0;7.815631;0.006012024;0.348697395;0.234468938
43;13a;2;0;15.109344;0.031809145;0.067594433;0.44333996
43;13b;2;0;11.154599;0.011741683;0.035225049;0.510763209
43;14;2;0;32.5;0.013461538;0.017307692;0.565384615
43;15a;2;0;55;0;0.002070393;0.747412008
43;15b;2;0;39.788732;;;
43;19a;1;0;7.407407;0.04288499;0.005847953;0.368421053
43;19b;1;0;3.909465;0.018518519;0.016460905;0.302469136
43;20a;1;0;2.826087;0.030434783;0.263043478;0.115217391
43;20b;1;0;5.598456;0.081081081;0.1003861;0.181467181
43;21;1;0;14.62963;;;
43;22a;1;0;20.366599;0.054989817;0.097759674;0.397148676
43;22b;1;0;23.69338;0.003484321;0.052264808;0.649825784
43;23a;1;0;10.816327;0.006122449;0.126530612;0.481632653
43;23b;1;0;10.204082;;;
43;24a;1;0;16.181818;0.041818182;0.036363636;0.378181818
43;24b;1;0;4.752066;0.033057851;0.026859504;0.204545455
43;25;1;0;11.401869;0.026168224;0.104672897;0.371962617
43;26;1;0;6.355932;0.076271186;0.036016949;0.177966102
43;27a;1;0;59.465021;0;0.00617284;0.598765432
43;27b;1;0;27.115717;;;
43;28;1;0;8.536585;0.083333333;0.06097561;0.243902439
43;29;1;0;51.633987;0.030501089;0.165577342;0.450980392
43;30;1;0;27.158273;0.048561151;0.088129496;0.5
43;31;1;0;22.290389;0.073619632;0.069529652;0.45194274
43;32a;1;0;34.682081;0;0.011560694;0.535645472
43;32b;1;0;25.524476;;;
43;33a;1;0;7.358491;0.047169811;0.062264151;0.271698113
43;33b;1;0;7.899461;0.048473968;0.073608618;0.346499102
43;34a;1;0;15.217391;0.034161491;0.177018634;0.383540373
43;34b;1;0;11.413043;;;
43;35a;1;0;27.978339;;;
43;35b;1;0;26.375712;;;
43;35c;1;0;28.971963;;;
43;36;1;1;7.654321;0.005725191;0.078244275;0.547709924
43;37;1;1;0;0.002680965;0.061662198;0.613941019
43;38;1;1;8.656036;0.034168565;0.045558087;0.300683371
43;39;1;1;6.05428;0.027027027;0.06029106;0.501039501
43;40;1;1;18.62069;;;
43;41a;1;1;14.285714;0.010989011;0.083516484;0.621978022
43;41b;1;1;18.711019;;;
43;42a;1;1;2.97619;;;
43;43;1;1;15.667311;0.013539652;0.059961315;0.500967118
43;45;1;1;15;0.007211538;0.180288462;0.512019231
43;46;1;1;7.486631;0.006637168;0.024336283;0.811946903
43;47;1;1;0;;;
43;48a;1;1;71.153846;0;0;0.914004914
43;48b;1;1;7.317073;;;
43;49;1;1;22.067039;;;
43;50a;1;1;71.73913;0.004662005;0.20979021;0.606060606
43;50b;1;1;24.481328;;;
43;51a;1;1;38.857143;0;0;0.640522876
43;51b;1;1;19.574468;;;
43;52a;1;1;23.866348;;;
43;52b;1;1;30.917874;;;
43;53a;1;1;36.865342;0.022075055;0.061810155;0.618101545
43;53b;1;1;10.638298;;;
43;54a;1;1;13.084112;0;0;0.717344754
43;54b;1;1;11.612903;;;
43;57a;0;1;7.529412;0.007058824;0.089411765;0.588235294
43;57b;0;1;15.970516;;;
43;58a;0;0;31.397849;;;
43;58b;0;0;23.201856;;;
43;59a;0;0;20.614035;;;
43;59b;0;0;16.901408;;;
43;60a;0;0;4.710921;0.002141328;0.122055675;0.582441113
43;60b;0;0;0;;;0.372427984
43;61;0;0;28.541667;;;
43;62;0;0;3.769401;0.037694013;0.403547672;0.4345898
43;63;0;0;18.27957;0.006451613;0.195698925;0.552688172
43;64;0;0;12.138728;;;
43;65a;0;0;9.288538;0.017786561;0.152173913;0.671936759
43;65b;0;0;7.4;;;
43;66;0;0;12.875536;0.042918455;0.06223176;0.463519313
43;67;0;0;5.422993;0.056399132;0.112798265;0.581344902
43;68;0;0;13.625866;0;0;0.674364896
43;69;0;0;33.472803;0.029288703;0.10041841;0.564853556
43;70;0;0;14.159292;0.061946903;0.112831858;0.566371681
43;71a;0;0;22.244489;0;0;0.649298597
43;71b;0;0;18.632075;;;
43;72;0;0;31.969309;0;0.028132992;0.700767263
43;73;0;0;16.403162;0.088932806;0.090909091;0.45256917
43;74;0;0;7.505519;0.035320088;;0.761589404
